{
  "k_attractive": 2.022154332201987,
  "k_repulsive": 144.8956513173414,
  "d0": 22.823080936862695,
  "max_speed": 23.16680589002507,
  "min_speed": 5.0,
  "emergency_distance": 4.247641618211044
}